dow,School
Monday,19.357664233576642
Tuesday,13.120437956204379
Wednesday,20.536496350364963
Thursday,18.919708029197082
Friday,12.784671532846716
Saturday,0.145985401459854
Sunday,0.072992700729927
