Year,Total_Students_est
2025,77142.0
2030,84582.62757030127
2035,91152.51454633834
